Source path,Class name,Method name,Method signature,Cyclomatic complexity,Cognitive complexity,Max nesting depth,Line count,Parameter count,ABC score,Assignments,Branches,Conditions,Halstead volume,Halstead difficulty,Halstead estimated bugs
src/main/java/com/yourorg/AppendToReleaseNotes.java,com.yourorg.AppendToReleaseNotes,getInitialValue,"com.yourorg.AppendToReleaseNotes{name=getInitialValue,return=com.yourorg.AppendToReleaseNotes$Accumulator,parameters=[org.openrewrite.ExecutionContext]}",1,0,0,5,1,1.0,0,1,0,4.75,1.0,0.0
src/main/java/com/yourorg/AppendToReleaseNotes.java,com.yourorg.AppendToReleaseNotes,getScanner,"com.yourorg.AppendToReleaseNotes{name=getScanner,return=org.openrewrite.TreeVisitor<Generic{?}, org.openrewrite.ExecutionContext>,parameters=[com.yourorg.AppendToReleaseNotes$Accumulator]}",2,1,1,14,1,3.61,2,3,0,155.89,6.25,0.03
src/main/java/com/yourorg/AppendToReleaseNotes.java,com.yourorg.AppendToReleaseNotes,generate,"com.yourorg.AppendToReleaseNotes{name=generate,return=java.util.Collection<Generic{? extends org.openrewrite.SourceFile}>,parameters=[com.yourorg.AppendToReleaseNotes$Accumulator,org.openrewrite.ExecutionContext]}",2,1,1,14,2,9.0,0,9,0,157.02,6.88,0.04
src/main/java/com/yourorg/AppendToReleaseNotes.java,com.yourorg.AppendToReleaseNotes,getVisitor,"com.yourorg.AppendToReleaseNotes{name=getVisitor,return=org.openrewrite.TreeVisitor<Generic{?}, org.openrewrite.ExecutionContext>,parameters=[com.yourorg.AppendToReleaseNotes$Accumulator]}",2,1,1,20,1,8.12,1,8,1,209.22,8.53,0.05
src/main/java/com/yourorg/AssertEqualsToAssertThat.java,com.yourorg.AssertEqualsToAssertThat,getVisitor,"com.yourorg.AssertEqualsToAssertThat{name=getVisitor,return=org.openrewrite.TreeVisitor<Generic{?}, org.openrewrite.ExecutionContext>,parameters=[]}",3,4,1,40,0,36.26,9,35,3,944.0,28.19,0.3
src/main/java/com/yourorg/BootstrapIntoApplication.java,com.yourorg.BootstrapIntoApplication,getInitialValue,"com.yourorg.BootstrapIntoApplication{name=getInitialValue,return=com.yourorg.BootstrapIntoApplication$Accumulator,parameters=[org.openrewrite.ExecutionContext]}",1,0,0,5,1,1.0,0,1,0,4.75,1.0,0.0
src/main/java/com/yourorg/BootstrapIntoApplication.java,com.yourorg.BootstrapIntoApplication,getScanner,"com.yourorg.BootstrapIntoApplication{name=getScanner,return=org.openrewrite.TreeVisitor<Generic{?}, org.openrewrite.ExecutionContext>,parameters=[com.yourorg.BootstrapIntoApplication$Accumulator]}",1,0,0,17,1,5.0,0,5,0,114.22,3.14,0.02
src/main/java/com/yourorg/BootstrapIntoApplication.java,com.yourorg.BootstrapIntoApplication$BootstrapScanner,visitDocuments,"com.yourorg.BootstrapIntoApplication$BootstrapScanner{name=visitDocuments,return=org.openrewrite.yaml.tree.Yaml$Documents,parameters=[org.openrewrite.yaml.tree.Yaml$Documents,org.openrewrite.ExecutionContext]}",2,1,1,10,2,7.07,0,7,1,143.96,7.46,0.03
src/main/java/com/yourorg/BootstrapIntoApplication.java,com.yourorg.BootstrapIntoApplication$ApplicationScanner,visitDocuments,"com.yourorg.BootstrapIntoApplication$ApplicationScanner{name=visitDocuments,return=org.openrewrite.yaml.tree.Yaml$Documents,parameters=[org.openrewrite.yaml.tree.Yaml$Documents,org.openrewrite.ExecutionContext]}",2,1,1,10,2,7.07,0,7,1,139.32,7.07,0.03
src/main/java/com/yourorg/BootstrapIntoApplication.java,com.yourorg.BootstrapIntoApplication,generate,"com.yourorg.BootstrapIntoApplication{name=generate,return=java.util.Collection<Generic{? extends org.openrewrite.SourceFile}>,parameters=[com.yourorg.BootstrapIntoApplication$Accumulator,org.openrewrite.ExecutionContext]}",4,4,2,21,2,23.37,4,23,1,602.68,21.16,0.18
src/main/java/com/yourorg/BootstrapIntoApplication.java,com.yourorg.BootstrapIntoApplication,getVisitor,"com.yourorg.BootstrapIntoApplication{name=getVisitor,return=org.openrewrite.TreeVisitor<Generic{?}, org.openrewrite.ExecutionContext>,parameters=[com.yourorg.BootstrapIntoApplication$Accumulator]}",1,0,0,12,1,5.1,1,5,0,138.97,4.0,0.02
src/main/java/com/yourorg/BootstrapIntoApplication.java,com.yourorg.BootstrapIntoApplication$BootstrapVisitor,visitDocuments,"com.yourorg.BootstrapIntoApplication$BootstrapVisitor{name=visitDocuments,return=org.openrewrite.yaml.tree.Yaml$Documents,parameters=[org.openrewrite.yaml.tree.Yaml$Documents,org.openrewrite.ExecutionContext]}",3,2,1,10,2,3.0,0,3,0,55.51,3.43,0.01
src/main/java/com/yourorg/BootstrapIntoApplication.java,com.yourorg.BootstrapIntoApplication$ApplicationVisitor,visitDocuments,"com.yourorg.BootstrapIntoApplication$ApplicationVisitor{name=visitDocuments,return=org.openrewrite.yaml.tree.Yaml$Documents,parameters=[org.openrewrite.yaml.tree.Yaml$Documents,org.openrewrite.ExecutionContext]}",4,3,1,19,2,12.73,3,12,3,382.16,13.43,0.1
src/main/java/com/yourorg/ClassHierarchy.java,com.yourorg.ClassHierarchy,getVisitor,"com.yourorg.ClassHierarchy{name=getVisitor,return=org.openrewrite.TreeVisitor<Generic{?}, org.openrewrite.ExecutionContext>,parameters=[]}",4,4,2,30,0,14.18,2,14,1,422.83,14.75,0.11
src/main/java/com/yourorg/EqualsAvoidsNull.java,com.yourorg.EqualsAvoidsNull,beforeEquals,"com.yourorg.EqualsAvoidsNull{name=beforeEquals,return=boolean,parameters=[java.lang.String,java.lang.String]}",1,0,0,10,2,1.0,0,1,0,11.61,1.0,0.0
src/main/java/com/yourorg/EqualsAvoidsNull.java,com.yourorg.EqualsAvoidsNull,beforeNotNullEquals,"com.yourorg.EqualsAvoidsNull{name=beforeNotNullEquals,return=boolean,parameters=[java.lang.String,java.lang.String]}",2,1,0,9,2,1.41,0,1,1,27.0,2.5,0.01
src/main/java/com/yourorg/EqualsAvoidsNull.java,com.yourorg.EqualsAvoidsNull,after,"com.yourorg.EqualsAvoidsNull{name=after,return=boolean,parameters=[java.lang.String,java.lang.String]}",1,0,0,6,2,1.0,0,1,0,11.61,1.0,0.0
src/main/java/com/yourorg/EqualsAvoidsNull.java,com.yourorg.EqualsAvoidsNull$LiteralMatcher,matches,"com.yourorg.EqualsAvoidsNull$LiteralMatcher{name=matches,return=boolean,parameters=[org.openrewrite.java.tree.J]}",1,0,0,4,1,0.0,0,0,0,11.61,1.0,0.0
src/main/java/com/yourorg/FindSpringBeans.java,com.yourorg.FindSpringBeans,getVisitor,"com.yourorg.FindSpringBeans{name=getVisitor,return=org.openrewrite.TreeVisitor<Generic{?}, org.openrewrite.ExecutionContext>,parameters=[]}",1,0,0,23,0,17.12,2,17,0,361.21,11.08,0.08
src/main/java/com/yourorg/NoCollectionMutation.java,com.yourorg.NoCollectionMutation,isListMutationSelect,"com.yourorg.NoCollectionMutation{name=isListMutationSelect,return=boolean,parameters=[org.openrewrite.Cursor]}",11,2,1,24,1,14.46,2,14,3,434.27,14.41,0.11
src/main/java/com/yourorg/NoCollectionMutation.java,com.yourorg.NoCollectionMutation,inDefensiveCopy,"com.yourorg.NoCollectionMutation{name=inDefensiveCopy,return=boolean,parameters=[org.openrewrite.Cursor]}",4,3,1,16,1,5.2,1,5,1,157.89,7.86,0.04
src/main/java/com/yourorg/NoCollectionMutation.java,com.yourorg.NoCollectionMutation,getVisitor,"com.yourorg.NoCollectionMutation{name=getVisitor,return=org.openrewrite.TreeVisitor<Generic{?}, org.openrewrite.ExecutionContext>,parameters=[]}",9,10,2,55,0,35.07,5,34,7,1166.72,32.3,0.37
src/main/java/com/yourorg/NoGuavaListsNewArrayList.java,com.yourorg.NoGuavaListsNewArrayList,getVisitor,"com.yourorg.NoGuavaListsNewArrayList{name=getVisitor,return=org.openrewrite.TreeVisitor<Generic{?}, org.openrewrite.ExecutionContext>,parameters=[]}",4,3,1,79,0,44.01,1,44,0,951.53,25.06,0.28
src/main/java/com/yourorg/SimplifyTernary.java,com.yourorg.SimplifyTernary$SimplifyTernaryTrueFalse,before,"com.yourorg.SimplifyTernary$SimplifyTernaryTrueFalse{name=before,return=boolean,parameters=[boolean]}",2,1,0,5,1,0.0,0,0,0,11.61,1.0,0.0
src/main/java/com/yourorg/SimplifyTernary.java,com.yourorg.SimplifyTernary$SimplifyTernaryTrueFalse,after,"com.yourorg.SimplifyTernary$SimplifyTernaryTrueFalse{name=after,return=boolean,parameters=[boolean]}",1,0,0,5,1,0.0,0,0,0,2.0,0.5,0.0
src/main/java/com/yourorg/SimplifyTernary.java,com.yourorg.SimplifyTernary$SimplifyTernaryFalseTrue,before,"com.yourorg.SimplifyTernary$SimplifyTernaryFalseTrue{name=before,return=boolean,parameters=[boolean]}",2,1,0,5,1,0.0,0,0,0,11.61,1.0,0.0
src/main/java/com/yourorg/SimplifyTernary.java,com.yourorg.SimplifyTernary$SimplifyTernaryFalseTrue,after,"com.yourorg.SimplifyTernary$SimplifyTernaryFalseTrue{name=after,return=boolean,parameters=[boolean]}",1,0,0,5,1,1.0,0,0,1,4.75,1.0,0.0
src/main/java/com/yourorg/TrackJavaTodos.java,com.yourorg.TrackJavaTodos,getVisitor,"com.yourorg.TrackJavaTodos{name=getVisitor,return=org.openrewrite.TreeVisitor<Generic{?}, org.openrewrite.ExecutionContext>,parameters=[]}",1,0,0,11,0,2.0,0,2,0,77.71,2.55,0.01
src/main/java/com/yourorg/TrackJavaTodosFile.java,com.yourorg.TrackJavaTodosFile,getInitialValue,"com.yourorg.TrackJavaTodosFile{name=getInitialValue,return=com.yourorg.TrackJavaTodosFile$TodoComments,parameters=[org.openrewrite.ExecutionContext]}",1,0,0,5,1,1.0,0,1,0,4.75,1.0,0.0
src/main/java/com/yourorg/TrackJavaTodosFile.java,com.yourorg.TrackJavaTodosFile,getScanner,"com.yourorg.TrackJavaTodosFile{name=getScanner,return=org.openrewrite.TreeVisitor<Generic{?}, org.openrewrite.ExecutionContext>,parameters=[com.yourorg.TrackJavaTodosFile$TodoComments]}",1,0,0,6,1,1.0,0,1,0,8.0,1.0,0.0
src/main/java/com/yourorg/TrackJavaTodosFile.java,com.yourorg.TrackJavaTodosFile,generate,"com.yourorg.TrackJavaTodosFile{name=generate,return=java.util.Collection<Generic{? extends org.openrewrite.SourceFile}>,parameters=[com.yourorg.TrackJavaTodosFile$TodoComments,org.openrewrite.ExecutionContext]}",1,0,0,6,2,1.0,0,1,0,4.75,1.0,0.0
src/main/java/com/yourorg/TrackJavaTodosFile.java,com.yourorg.TrackJavaTodosFile,getVisitor,"com.yourorg.TrackJavaTodosFile{name=getVisitor,return=org.openrewrite.TreeVisitor<Generic{?}, org.openrewrite.ExecutionContext>,parameters=[com.yourorg.TrackJavaTodosFile$TodoComments]}",1,0,0,6,1,1.0,0,1,0,8.0,1.0,0.0
src/main/java/com/yourorg/TrackTodos.java,com.yourorg.TrackTodos,getInitialValue,"com.yourorg.TrackTodos{name=getInitialValue,return=com.yourorg.TrackTodos$TodoComments,parameters=[org.openrewrite.ExecutionContext]}",1,0,0,5,1,1.0,0,1,0,4.75,1.0,0.0
src/main/java/com/yourorg/TrackTodos.java,com.yourorg.TrackTodos,getScanner,"com.yourorg.TrackTodos{name=getScanner,return=org.openrewrite.TreeVisitor<Generic{?}, org.openrewrite.ExecutionContext>,parameters=[com.yourorg.TrackTodos$TodoComments]}",1,0,0,6,1,1.0,0,1,0,8.0,1.0,0.0
src/main/java/com/yourorg/TrackTodos.java,com.yourorg.TrackTodos,generate,"com.yourorg.TrackTodos{name=generate,return=java.util.Collection<Generic{? extends org.openrewrite.SourceFile}>,parameters=[com.yourorg.TrackTodos$TodoComments,org.openrewrite.ExecutionContext]}",1,0,0,7,2,1.0,0,1,0,4.75,1.0,0.0
src/main/java/com/yourorg/TrackTodos.java,com.yourorg.TrackTodos,getVisitor,"com.yourorg.TrackTodos{name=getVisitor,return=org.openrewrite.TreeVisitor<Generic{?}, org.openrewrite.ExecutionContext>,parameters=[com.yourorg.TrackTodos$TodoComments]}",1,0,0,6,1,1.0,0,1,0,8.0,1.0,0.0
src/main/java/com/yourorg/UpdateConcoursePipeline.java,com.yourorg.UpdateConcoursePipeline,getVisitor,"com.yourorg.UpdateConcoursePipeline{name=getVisitor,return=org.openrewrite.TreeVisitor<Generic{?}, org.openrewrite.ExecutionContext>,parameters=[]}",11,19,3,50,0,31.89,9,30,6,1174.29,34.91,0.4
src/main/java/com/yourorg/UseSdkManJavaVersion.java,com.yourorg.UseSdkManJavaVersion,getInitialValue,"com.yourorg.UseSdkManJavaVersion{name=getInitialValue,return=com.yourorg.UseSdkManJavaVersion$Accumulator,parameters=[org.openrewrite.ExecutionContext]}",1,0,0,5,1,1.0,0,1,0,4.75,1.0,0.0
src/main/java/com/yourorg/UseSdkManJavaVersion.java,com.yourorg.UseSdkManJavaVersion,getScanner,"com.yourorg.UseSdkManJavaVersion{name=getScanner,return=org.openrewrite.TreeVisitor<Generic{?}, org.openrewrite.ExecutionContext>,parameters=[com.yourorg.UseSdkManJavaVersion$Accumulator]}",2,3,1,20,1,9.22,2,9,0,328.93,13.94,0.09
src/main/java/com/yourorg/UseSdkManJavaVersion.java,com.yourorg.UseSdkManJavaVersion,generate,"com.yourorg.UseSdkManJavaVersion{name=generate,return=java.util.Collection<Generic{? extends org.openrewrite.SourceFile}>,parameters=[com.yourorg.UseSdkManJavaVersion$Accumulator,org.openrewrite.ExecutionContext]}",3,2,1,15,2,7.28,0,7,2,137.89,6.4,0.03
src/main/java/com/yourorg/UseSdkManJavaVersion.java,com.yourorg.UseSdkManJavaVersion,getVisitor,"com.yourorg.UseSdkManJavaVersion{name=getVisitor,return=org.openrewrite.TreeVisitor<Generic{?}, org.openrewrite.ExecutionContext>,parameters=[com.yourorg.UseSdkManJavaVersion$Accumulator]}",4,3,1,23,1,12.04,0,12,1,335.0,11.26,0.08
src/main/java/com/yourorg/table/ClassHierarchyReport.java,com.yourorg.table.ClassHierarchyReport,ClassHierarchyReport,"com.yourorg.table.ClassHierarchyReport{name=<constructor>,return=com.yourorg.table.ClassHierarchyReport,parameters=[org.openrewrite.Recipe]}",1,0,0,6,1,1.0,0,1,0,8.0,0.5,0.0
src/main/java/com/yourorg/table/SpringBeansReport.java,com.yourorg.table.SpringBeansReport,SpringBeansReport,"com.yourorg.table.SpringBeansReport{name=<constructor>,return=com.yourorg.table.SpringBeansReport,parameters=[org.openrewrite.Recipe]}",1,0,0,5,1,1.0,0,1,0,8.0,0.5,0.0
src/main/java/com/yourorg/table/TodoCommentsReport.java,com.yourorg.table.TodoCommentsReport,TodoCommentsReport,"com.yourorg.table.TodoCommentsReport{name=<constructor>,return=com.yourorg.table.TodoCommentsReport,parameters=[org.openrewrite.Recipe]}",1,0,0,6,1,1.0,0,1,0,8.0,0.5,0.0
src/main/java/com/yourorg/trait/TodoComment.java,com.yourorg.trait.TodoComment$Matcher,test,"com.yourorg.trait.TodoComment$Matcher{name=test,return=com.yourorg.trait.TodoComment,parameters=[org.openrewrite.Cursor]}",6,8,1,19,1,5.39,2,4,3,235.23,8.68,0.05
src/test/java/com/yourorg/AppendToReleaseNotesTest.java,com.yourorg.AppendToReleaseNotesTest,defaults,"com.yourorg.AppendToReleaseNotesTest{name=defaults,return=void,parameters=[org.openrewrite.test.RecipeSpec]}",1,0,0,4,1,2.0,0,2,0,15.51,1.0,0.0
src/test/java/com/yourorg/AppendToReleaseNotesTest.java,com.yourorg.AppendToReleaseNotesTest,editExistingReleaseNotes,"com.yourorg.AppendToReleaseNotesTest{name=editExistingReleaseNotes,return=void,parameters=[]}",1,0,0,19,0,4.0,0,4,0,57.11,2.78,0.01
src/test/java/com/yourorg/AppendToReleaseNotesTest.java,com.yourorg.AppendToReleaseNotesTest,createNewReleaseNotes,"com.yourorg.AppendToReleaseNotesTest{name=createNewReleaseNotes,return=void,parameters=[]}",1,0,0,16,0,5.0,0,5,0,62.51,3.33,0.01
src/test/java/com/yourorg/AssertEqualsToAssertThatTest.java,com.yourorg.AssertEqualsToAssertThatTest,defaults,"com.yourorg.AssertEqualsToAssertThatTest{name=defaults,return=void,parameters=[org.openrewrite.test.RecipeSpec]}",1,0,0,7,1,5.0,0,5,0,48.11,2.5,0.01
src/test/java/com/yourorg/AssertEqualsToAssertThatTest.java,com.yourorg.AssertEqualsToAssertThatTest,twoArgument,"com.yourorg.AssertEqualsToAssertThatTest{name=twoArgument,return=void,parameters=[]}",1,0,0,28,0,2.0,0,2,0,15.51,1.0,0.0
src/test/java/com/yourorg/AssertEqualsToAssertThatTest.java,com.yourorg.AssertEqualsToAssertThatTest,withDescription,"com.yourorg.AssertEqualsToAssertThatTest{name=withDescription,return=void,parameters=[]}",1,0,0,27,0,2.0,0,2,0,15.51,1.0,0.0
src/test/java/com/yourorg/BootstrapIntoApplicationTest.java,com.yourorg.BootstrapIntoApplicationTest,defaults,"com.yourorg.BootstrapIntoApplicationTest{name=defaults,return=void,parameters=[org.openrewrite.test.RecipeSpec]}",1,0,0,5,1,2.0,0,2,0,15.51,1.0,0.0
src/test/java/com/yourorg/BootstrapIntoApplicationTest.java,com.yourorg.BootstrapIntoApplicationTest,mergeWithExistingApplication,"com.yourorg.BootstrapIntoApplicationTest{name=mergeWithExistingApplication,return=void,parameters=[]}",1,0,0,32,0,9.06,1,9,0,156.08,5.6,0.03
src/test/java/com/yourorg/BootstrapIntoApplicationTest.java,com.yourorg.BootstrapIntoApplicationTest,createNewApplicationYaml,"com.yourorg.BootstrapIntoApplicationTest{name=createNewApplicationYaml,return=void,parameters=[]}",1,0,0,29,0,9.06,1,9,0,147.16,6.29,0.03
src/test/java/com/yourorg/BootstrapIntoApplicationTest.java,com.yourorg.BootstrapIntoApplicationTest,deleteOldBootstrap,"com.yourorg.BootstrapIntoApplicationTest{name=deleteOldBootstrap,return=void,parameters=[]}",1,0,0,28,0,12.04,1,12,0,204.46,8.24,0.05
src/test/java/com/yourorg/ClassHierarchyTest.java,com.yourorg.ClassHierarchyTest,defaults,"com.yourorg.ClassHierarchyTest{name=defaults,return=void,parameters=[org.openrewrite.test.RecipeSpec]}",1,0,0,5,1,2.0,0,2,0,11.61,1.0,0.0
src/test/java/com/yourorg/ClassHierarchyTest.java,com.yourorg.ClassHierarchyTest,basic,"com.yourorg.ClassHierarchyTest{name=basic,return=void,parameters=[]}",1,0,0,15,0,6.0,0,6,0,124.86,4.67,0.02
src/test/java/com/yourorg/ClassHierarchyTest.java,com.yourorg.ClassHierarchyTest,bExtendsA,"com.yourorg.ClassHierarchyTest{name=bExtendsA,return=void,parameters=[]}",1,0,0,23,0,8.0,0,8,0,178.81,5.97,0.03
src/test/java/com/yourorg/ClassHierarchyTest.java,com.yourorg.ClassHierarchyTest,interfaceRelationship,"com.yourorg.ClassHierarchyTest{name=interfaceRelationship,return=void,parameters=[]}",1,0,0,18,0,7.0,0,7,0,165.06,5.56,0.03
src/test/java/com/yourorg/EqualsAvoidsNullTest.java,com.yourorg.EqualsAvoidsNullTest,defaults,"com.yourorg.EqualsAvoidsNullTest{name=defaults,return=void,parameters=[org.openrewrite.test.RecipeSpec]}",1,0,0,4,1,2.0,0,2,0,11.61,1.0,0.0
src/test/java/com/yourorg/EqualsAvoidsNullTest.java,com.yourorg.EqualsAvoidsNullTest,beforeEquals,"com.yourorg.EqualsAvoidsNullTest{name=beforeEquals,return=void,parameters=[]}",1,0,0,31,0,2.0,0,2,0,15.51,1.0,0.0
src/test/java/com/yourorg/EqualsAvoidsNullTest.java,com.yourorg.EqualsAvoidsNullTest,unchanged,"com.yourorg.EqualsAvoidsNullTest{name=unchanged,return=void,parameters=[]}",1,0,0,35,0,2.0,0,2,0,11.61,1.0,0.0
src/test/java/com/yourorg/FindSpringBeansTest.java,com.yourorg.FindSpringBeansTest,defaults,"com.yourorg.FindSpringBeansTest{name=defaults,return=void,parameters=[org.openrewrite.test.RecipeSpec]}",1,0,0,10,1,5.0,0,5,0,48.11,2.5,0.01
src/test/java/com/yourorg/FindSpringBeansTest.java,com.yourorg.FindSpringBeansTest,findSpringBeans,"com.yourorg.FindSpringBeansTest{name=findSpringBeans,return=void,parameters=[]}",1,0,0,72,0,10.05,1,10,0,235.53,7.5,0.05
src/test/java/com/yourorg/NoCollectionMutationTest.java,com.yourorg.NoCollectionMutationTest,defaults,"com.yourorg.NoCollectionMutationTest{name=defaults,return=void,parameters=[org.openrewrite.test.RecipeSpec]}",1,0,0,5,1,5.0,0,5,0,53.3,2.5,0.01
src/test/java/com/yourorg/NoCollectionMutationTest.java,com.yourorg.NoCollectionMutationTest,inlineMutation,"com.yourorg.NoCollectionMutationTest{name=inlineMutation,return=void,parameters=[]}",1,0,0,38,0,2.0,0,2,0,15.51,1.0,0.0
src/test/java/com/yourorg/NoCollectionMutationTest.java,com.yourorg.NoCollectionMutationTest,nonMutationIsOkay,"com.yourorg.NoCollectionMutationTest{name=nonMutationIsOkay,return=void,parameters=[]}",1,0,0,25,0,2.0,0,2,0,11.61,1.0,0.0
src/test/java/com/yourorg/NoCollectionMutationTest.java,com.yourorg.NoCollectionMutationTest,subsequentMutation,"com.yourorg.NoCollectionMutationTest{name=subsequentMutation,return=void,parameters=[]}",1,0,0,48,0,2.0,0,2,0,15.51,1.0,0.0
src/test/java/com/yourorg/NoCollectionMutationTest.java,com.yourorg.NoCollectionMutationTest,mutationInFunction,"com.yourorg.NoCollectionMutationTest{name=mutationInFunction,return=void,parameters=[]}",1,0,0,57,0,2.0,0,2,0,15.51,1.0,0.0
src/test/java/com/yourorg/NoCollectionMutationTest.java,com.yourorg.NoCollectionMutationTest,listUtilsIsOkay,"com.yourorg.NoCollectionMutationTest{name=listUtilsIsOkay,return=void,parameters=[]}",1,0,0,23,0,2.0,0,2,0,11.61,1.0,0.0
src/test/java/com/yourorg/NoGuavaListsNewArrayListTest.java,com.yourorg.NoGuavaListsNewArrayListTest,defaults,"com.yourorg.NoGuavaListsNewArrayListTest{name=defaults,return=void,parameters=[org.openrewrite.test.RecipeSpec]}",1,0,0,13,1,6.0,0,6,0,64.0,3.0,0.01
src/test/java/com/yourorg/NoGuavaListsNewArrayListTest.java,com.yourorg.NoGuavaListsNewArrayListTest,replaceWithNewArrayList,"com.yourorg.NoGuavaListsNewArrayListTest{name=replaceWithNewArrayList,return=void,parameters=[]}",1,0,0,33,0,6.0,0,6,0,84.96,3.79,0.02
src/test/java/com/yourorg/NoGuavaListsNewArrayListTest.java,com.yourorg.NoGuavaListsNewArrayListTest,replaceWithNewArrayListIterable,"com.yourorg.NoGuavaListsNewArrayListTest{name=replaceWithNewArrayListIterable,return=void,parameters=[]}",1,0,0,30,0,2.0,0,2,0,15.51,1.0,0.0
src/test/java/com/yourorg/NoGuavaListsNewArrayListTest.java,com.yourorg.NoGuavaListsNewArrayListTest,replaceWithNewArrayListWithCapacity,"com.yourorg.NoGuavaListsNewArrayListTest{name=replaceWithNewArrayListWithCapacity,return=void,parameters=[]}",1,0,0,27,0,2.0,0,2,0,15.51,1.0,0.0
src/test/java/com/yourorg/NoGuavaListsNewArrayListTest.java,com.yourorg.NoGuavaListsNewArrayListTest,showNeedForSuperVisitMethodInvocation,"com.yourorg.NoGuavaListsNewArrayListTest{name=showNeedForSuperVisitMethodInvocation,return=void,parameters=[]}",1,0,0,29,0,2.0,0,2,0,15.51,1.0,0.0
src/test/java/com/yourorg/NoGuavaListsNewArrayListTest.java,com.yourorg.NoGuavaListsNewArrayListTest,noChangeNecessary,"com.yourorg.NoGuavaListsNewArrayListTest{name=noChangeNecessary,return=void,parameters=[]}",1,0,0,20,0,2.0,0,2,0,11.61,1.0,0.0
src/test/java/com/yourorg/SimplifyTernaryTest.java,com.yourorg.SimplifyTernaryTest,defaults,"com.yourorg.SimplifyTernaryTest{name=defaults,return=void,parameters=[org.openrewrite.test.RecipeSpec]}",1,0,0,6,1,2.0,0,2,0,11.61,1.0,0.0
src/test/java/com/yourorg/SimplifyTernaryTest.java,com.yourorg.SimplifyTernaryTest,simplified,"com.yourorg.SimplifyTernaryTest{name=simplified,return=void,parameters=[]}",1,0,0,62,0,2.0,0,2,0,15.51,1.0,0.0
src/test/java/com/yourorg/SimplifyTernaryTest.java,com.yourorg.SimplifyTernaryTest,unchanged,"com.yourorg.SimplifyTernaryTest{name=unchanged,return=void,parameters=[]}",1,0,0,21,0,2.0,0,2,0,11.61,1.0,0.0
src/test/java/com/yourorg/StringIsEmptyTest.java,com.yourorg.StringIsEmptyTest,defaults,"com.yourorg.StringIsEmptyTest{name=defaults,return=void,parameters=[org.openrewrite.test.RecipeSpec]}",1,0,0,9,1,0.0,0,0,0,0.0,0.0,0.0
src/test/java/com/yourorg/StringIsEmptyTest.java,com.yourorg.StringIsEmptyTest,standardizeStringIsEmpty,"com.yourorg.StringIsEmptyTest{name=standardizeStringIsEmpty,return=void,parameters=[]}",1,0,0,39,0,2.0,0,2,0,15.51,1.0,0.0
src/test/java/com/yourorg/StringIsEmptyTest.java,com.yourorg.StringIsEmptyTest,showStringTypeMatchAndSimplification,"com.yourorg.StringIsEmptyTest{name=showStringTypeMatchAndSimplification,return=void,parameters=[]}",1,0,0,46,0,2.0,0,2,0,15.51,1.0,0.0
src/test/java/com/yourorg/StringIsEmptyTest.java,com.yourorg.StringIsEmptyTest,doNothingForStringIsEmpty,"com.yourorg.StringIsEmptyTest{name=doNothingForStringIsEmpty,return=void,parameters=[]}",1,0,0,18,0,2.0,0,2,0,11.61,1.0,0.0
src/test/java/com/yourorg/StringIsEmptyTest.java,com.yourorg.StringIsEmptyTest,doNothingForCharSequence,"com.yourorg.StringIsEmptyTest{name=doNothingForCharSequence,return=void,parameters=[]}",1,0,0,18,0,2.0,0,2,0,11.61,1.0,0.0
src/test/java/com/yourorg/StringIsEmptyTest.java,com.yourorg.StringIsEmptyTest,recipeDocumentation,"com.yourorg.StringIsEmptyTest{name=recipeDocumentation,return=void,parameters=[]}",1,0,0,11,0,5.0,3,4,0,87.57,2.59,0.01
src/test/java/com/yourorg/TrackJavaTodosFileTest.java,com.yourorg.TrackJavaTodosFileTest,defaults,"com.yourorg.TrackJavaTodosFileTest{name=defaults,return=void,parameters=[org.openrewrite.test.RecipeSpec]}",1,0,0,4,1,2.0,0,2,0,15.51,1.0,0.0
src/test/java/com/yourorg/TrackJavaTodosFileTest.java,com.yourorg.TrackJavaTodosFileTest,createNewTodoFile,"com.yourorg.TrackJavaTodosFileTest{name=createNewTodoFile,return=void,parameters=[]}",1,0,0,36,0,6.0,0,6,0,79.23,3.82,0.02
src/test/java/com/yourorg/TrackJavaTodosFileTest.java,com.yourorg.TrackJavaTodosFileTest,editExistingTodoFile,"com.yourorg.TrackJavaTodosFileTest{name=editExistingTodoFile,return=void,parameters=[]}",1,0,0,34,0,5.0,0,5,0,73.57,3.27,0.01
src/test/java/com/yourorg/TrackJavaTodosFileTest.java,com.yourorg.TrackJavaTodosFileTest,doNotTouchExistingCorrectFile,"com.yourorg.TrackJavaTodosFileTest{name=doNotTouchExistingCorrectFile,return=void,parameters=[]}",1,0,0,33,0,5.0,0,5,0,68.0,3.3,0.01
src/test/java/com/yourorg/TrackJavaTodosTest.java,com.yourorg.TrackJavaTodosTest,defaults,"com.yourorg.TrackJavaTodosTest{name=defaults,return=void,parameters=[org.openrewrite.test.RecipeSpec]}",1,0,0,4,1,2.0,0,2,0,11.61,1.0,0.0
src/test/java/com/yourorg/TrackJavaTodosTest.java,com.yourorg.TrackJavaTodosTest,findTodos,"com.yourorg.TrackJavaTodosTest{name=findTodos,return=void,parameters=[]}",1,0,0,29,0,8.0,0,8,0,174.23,5.76,0.03
src/test/java/com/yourorg/TrackTodosTest.java,com.yourorg.TrackTodosTest,defaults,"com.yourorg.TrackTodosTest{name=defaults,return=void,parameters=[org.openrewrite.test.RecipeSpec]}",1,0,0,5,1,3.0,0,3,0,33.22,1.5,0.0
src/test/java/com/yourorg/TrackTodosTest.java,com.yourorg.TrackTodosTest,createNewTodoFileJava,"com.yourorg.TrackTodosTest{name=createNewTodoFileJava,return=void,parameters=[]}",1,0,0,43,0,12.0,0,12,0,266.72,8.48,0.06
src/test/java/com/yourorg/TrackTodosTest.java,com.yourorg.TrackTodosTest,editExistingTodoFileJava,"com.yourorg.TrackTodosTest{name=editExistingTodoFileJava,return=void,parameters=[]}",1,0,0,41,0,11.0,0,11,0,259.46,7.71,0.05
src/test/java/com/yourorg/TrackTodosTest.java,com.yourorg.TrackTodosTest,createNewTodoFileYAML,"com.yourorg.TrackTodosTest{name=createNewTodoFileYAML,return=void,parameters=[]}",1,0,0,40,0,12.0,0,12,0,266.72,8.48,0.06
src/test/java/com/yourorg/TrackTodosTest.java,com.yourorg.TrackTodosTest,editExistingTodoFileYAML,"com.yourorg.TrackTodosTest{name=editExistingTodoFileYAML,return=void,parameters=[]}",1,0,0,39,0,11.0,0,11,0,259.46,7.71,0.05
src/test/java/com/yourorg/TrackTodosTest.java,com.yourorg.TrackTodosTest,createNewTodoFileXML,"com.yourorg.TrackTodosTest{name=createNewTodoFileXML,return=void,parameters=[]}",1,0,0,40,0,12.0,0,12,0,266.72,8.48,0.06
src/test/java/com/yourorg/TrackTodosTest.java,com.yourorg.TrackTodosTest,editExistingTodoFileXML,"com.yourorg.TrackTodosTest{name=editExistingTodoFileXML,return=void,parameters=[]}",1,0,0,39,0,11.0,0,11,0,259.46,7.71,0.05
src/test/java/com/yourorg/UpdateConcoursePipelineTest.java,com.yourorg.UpdateConcoursePipelineTest,updateTagFilter,"com.yourorg.UpdateConcoursePipelineTest{name=updateTagFilter,return=void,parameters=[]}",1,0,0,30,0,6.0,0,6,0,97.7,4.38,0.02
src/test/java/com/yourorg/UseApacheStringUtilsTest.java,com.yourorg.UseApacheStringUtilsTest,defaults,"com.yourorg.UseApacheStringUtilsTest{name=defaults,return=void,parameters=[org.openrewrite.test.RecipeSpec]}",1,0,0,7,1,4.0,0,4,0,43.02,2.0,0.01
src/test/java/com/yourorg/UseApacheStringUtilsTest.java,com.yourorg.UseApacheStringUtilsTest,replaceContainsWhitespace,"com.yourorg.UseApacheStringUtilsTest{name=replaceContainsWhitespace,return=void,parameters=[]}",1,0,0,28,0,2.0,0,2,0,15.51,1.0,0.0
src/test/java/com/yourorg/UseApacheStringUtilsTest.java,com.yourorg.UseApacheStringUtilsTest,noChangeWhenAlreadyUsingCommonsLang3,"com.yourorg.UseApacheStringUtilsTest{name=noChangeWhenAlreadyUsingCommonsLang3,return=void,parameters=[]}",1,0,0,21,0,5.0,0,5,0,62.51,3.33,0.01
src/test/java/com/yourorg/UseIntegerValueOfTest.java,com.yourorg.UseIntegerValueOfTest,defaults,"com.yourorg.UseIntegerValueOfTest{name=defaults,return=void,parameters=[org.openrewrite.test.RecipeSpec]}",1,0,0,5,1,2.0,0,2,0,11.61,1.0,0.0
src/test/java/com/yourorg/UseIntegerValueOfTest.java,com.yourorg.UseIntegerValueOfTest,replacesNewIntegerWithValueOf,"com.yourorg.UseIntegerValueOfTest{name=replacesNewIntegerWithValueOf,return=void,parameters=[]}",1,0,0,19,0,2.0,0,2,0,15.51,1.0,0.0
src/test/java/com/yourorg/UseIntegerValueOfTest.java,com.yourorg.UseIntegerValueOfTest,replacesNewIntegerWithParseInt,"com.yourorg.UseIntegerValueOfTest{name=replacesNewIntegerWithParseInt,return=void,parameters=[]}",1,0,0,18,0,2.0,0,2,0,15.51,1.0,0.0
src/test/java/com/yourorg/UseOpenRewriteNullableTest.java,com.yourorg.UseOpenRewriteNullableTest,defaults,"com.yourorg.UseOpenRewriteNullableTest{name=defaults,return=void,parameters=[org.openrewrite.test.RecipeSpec]}",1,0,0,8,1,4.0,0,4,0,48.11,2.0,0.01
src/test/java/com/yourorg/UseOpenRewriteNullableTest.java,com.yourorg.UseOpenRewriteNullableTest,replacesNullableAnnotation,"com.yourorg.UseOpenRewriteNullableTest{name=replacesNullableAnnotation,return=void,parameters=[]}",1,0,0,29,0,3.0,0,3,0,55.51,2.22,0.01
src/test/java/com/yourorg/UseSdkManJavaVersionTest.java,com.yourorg.UseSdkManJavaVersionTest,defaults,"com.yourorg.UseSdkManJavaVersionTest{name=defaults,return=void,parameters=[org.openrewrite.test.RecipeSpec]}",1,0,0,5,1,2.0,0,2,0,11.61,1.0,0.0
src/test/java/com/yourorg/UseSdkManJavaVersionTest.java,com.yourorg.UseSdkManJavaVersionTest,createSdkmanrcFromMultipleJavaVersions,"com.yourorg.UseSdkManJavaVersionTest{name=createSdkmanrcFromMultipleJavaVersions,return=void,parameters=[]}",1,0,0,45,0,12.0,0,12,0,171.74,6.37,0.04
src/test/java/com/yourorg/UseSdkManJavaVersionTest.java,com.yourorg.UseSdkManJavaVersionTest,updateExistingSdkmanrc,"com.yourorg.UseSdkManJavaVersionTest{name=updateExistingSdkmanrc,return=void,parameters=[]}",1,0,0,35,0,8.0,0,8,0,120.74,4.78,0.02
src/test/java/com/yourorg/UseSdkManJavaVersionTest.java,com.yourorg.UseSdkManJavaVersionTest,noChangeWhenSdkmanrcAlreadyCorrect,"com.yourorg.UseSdkManJavaVersionTest{name=noChangeWhenSdkmanrcAlreadyCorrect,return=void,parameters=[]}",1,0,0,31,0,8.0,0,8,0,114.62,4.8,0.02
src/test/java/com/yourorg/UseSdkManJavaVersionTest.java,com.yourorg.UseSdkManJavaVersionTest,noJavaVersionMarkerMeansNoFileCreated,"com.yourorg.UseSdkManJavaVersionTest{name=noJavaVersionMarkerMeansNoFileCreated,return=void,parameters=[]}",1,0,0,13,0,3.0,0,3,0,24.0,1.5,0.0
src/test/java/com/yourorg/UseSdkManJavaVersionTest.java,com.yourorg.UseSdkManJavaVersionTest,singleJavaVersionProject,"com.yourorg.UseSdkManJavaVersionTest{name=singleJavaVersionProject,return=void,parameters=[]}",1,0,0,30,0,8.0,0,8,0,120.74,4.78,0.02
src/test/java/com/yourorg/UseSdkManJavaVersionTest.java,com.yourorg.UseSdkManJavaVersionTest,multipleSourceSetsHighestVersion,"com.yourorg.UseSdkManJavaVersionTest{name=multipleSourceSetsHighestVersion,return=void,parameters=[]}",1,0,0,44,0,11.0,0,11,0,165.17,5.79,0.03
src/test/java/com/yourorg/UseSdkManJavaVersionTest.java,com.yourorg.UseSdkManJavaVersionTest,addJavaVersionToExistingFile,"com.yourorg.UseSdkManJavaVersionTest{name=addJavaVersionToExistingFile,return=void,parameters=[]}",1,0,0,36,0,8.0,0,8,0,120.74,4.78,0.02
